<?xml version='1.0' encoding='UTF-8' ?>
<timeLogEntries>
  <time id="1" path="/No Proyecto/LineClothes-PSP0/Planning" start="@1603170768417" delta="9" />
  <time id="2" path="/Proyecto/Line Clothes-PSP0/Planning" start="@1603172882339" delta="6" interrupt="1" comment="Se Realizó en archivo Readme.txt" />
  <time id="4" path="/Proyecto/Line Clothes-PSP0/Planning" start="@1603175981011" delta="24" comment="Se realizó el planteamiento del problema" />
  <time id="5" path="/Proyecto/Line Clothes-PSP0/Planning" start="@1603227418335" delta="3" comment="Se Realizó el documento de requisitos " />
  <time id="6" path="/Proyecto/Line Clothes-PSP0/Planning" start="@1603229118561" delta="4" comment="Modificación a Diagrama Casos de Uso" />
  <time id="7" path="/Proyecto/Line Clothes-PSP0/Design" start="@1603236687608" delta="10" comment="Se modifico el caso de uso, Devoluciones." />
  <time id="8" path="/Proyecto/Line Clothes-PSP0/Design" start="@1603237945309" delta="5" comment="Se agrego a las notas un nuevo rol." />
  <time id="15" path="/Proyecto/Line Clothes-PSP0/Code" start="@1603334729000" delta="6" comment="Se realiza la pequeña tabla Empleado" />
  <time id="16" path="/Proyecto/Line Clothes-PSP0/Compile" start="@1603335082961" delta="2" comment="Se Compilo el proyecto" />
  <time id="17" path="/Proyecto/Line Clothes-PSP0/Code" start="@1603335493000" delta="10" comment="Se hace la clase de Conexion y se comprueba la conexion con la BDD" />
  <time id="18" path="/Proyecto/Line Clothes-PSP0/Compile" start="@1603336125403" delta="7" comment="Verifique la conexion de la base de datos" />
  <time id="19" path="/Proyecto/Line Clothes-PSP0/Code" start="@1603338811000" delta="18" comment="Investigacion de encriptacion MD5 + ASCII base64" />
  <time id="20" path="/Proyecto/Line Clothes-PSP0/Code" start="@1603339926000" delta="22" comment="Aplicacion de Codificacion MD5 + ASCII base64" />
  <time id="21" path="/Proyecto/Line Clothes-PSP0/Compile" start="@1603341269783" delta="13" interrupt="1" comment="Se verifica la encriptacion del pasword" />
  <time id="22" path="/Proyecto/Line Clothes-PSP0/Test" start="@1603342156542" delta="21" comment="Se ponia a prueba la encriptacion MD5 + ASCII base64" />
  <time id="23" path="/Proyecto/Line Clothes-PSP0/Test" start="@1603343763000" delta="4" comment="Se hacia una prueba con la busqueda en la base de datos, creada en SQLite." />
  <time id="26" path="/Proyecto/Line Clothes-PSP0/Code" start="@1603247054000" delta="10" comment="Se comenzo a crear la interfaz en sceneBuilder" />
  <time id="27" path="/Proyecto/Line Clothes-PSP0/Code" start="@1603248415000" delta="10" comment="Se pulia el frontend del login." />
  <time id="28" path="/Proyecto/Line Clothes-PSP0/Code" start="@1603257720000" delta="19" comment="Instalaba PostgreSQL, pgAdmin4, Java 6. " />
  <time id="30" path="/Proyecto/Line Clothes-PSP0/Code" start="@1603295728000" delta="6" comment="Intentaba Corregir el Error FXML." />
  <time id="31" path="/Proyecto/Line Clothes-PSP0/Test" start="@1603259400000" delta="40" comment="La actualizacion provoco un fallo en la compilacion y ejecucion del archivo FXMLDocument.fxml" />
  <time id="32" path="/Proyecto/Line Clothes-PSP0/Test" start="@1603293593000" delta="16" comment="Se provaba la entrada y validacion de solo texto y solo numeros, en ID y Password." />
  <time id="33" path="/Proyecto/Line Clothes-PSP0/Code" start="@1603297852000" delta="200" comment="Creacion del proyecto en Java Swing" />
  <time id="34" path="/Proyecto/PSP0-Realizar CambioyDevoluciones/Planning" start="@1604198613106" delta="5" interrupt="4" comment="Se Agrego el documento de requisitos" />
  <time id="35" path="/Proyecto/PSP0-Realizar CambioyDevoluciones/Planning" start="@1604199186735" delta="2" comment="Se agregaron los archivos de requerimientos al stagin area" />
  <time id="36" path="/Proyecto/PSP0-Realizar CambioyDevoluciones/Design" start="@1604199280119" delta="3" comment="Se diseño el diagrama de clases" />
  <time id="37" path="/Proyecto/PSP0-Realizar CambioyDevoluciones/Design" start="@1604203222418" delta="14" comment="Se Diseño el diagrama de Clases" />
  <time id="38" path="/Proyecto/PSP0-Realizar CambioyDevoluciones/Planning" start="@1604204351496" delta="8" />
  <time id="39" path="/Proyecto/PSP0-Realizar CambioyDevoluciones/Design" start="@1604204825658" delta="12" comment="Diseño de interfaz" />
  <time id="40" path="/Proyecto/PSP1/Planning" start="@1604942556756" delta="82" comment="Se realizo el Documento de requerimeintos, asi como el analisis conceptual" />
  <time id="41" path="/Proyecto/PSP1/Planning" start="@1604949641000" delta="23" comment="Se realizo la descripccion del problema" />
  <time id="42" path="/Proyecto/PSP1/Design" start="@1604958878792" delta="27" comment="Se realizo el modelo conceptual de clases" />
  <time id="43" path="/Proyecto/PSP1/Code" start="@1604964291562" delta="20" comment="Se realizo la interfaz, principal , clases modelo, BDD." />
  <time id="44" path="/Proyecto/PSP1/Code" start="@1604971566000" delta="22" comment="Se realizo la base de datos y se conecto con el programa" />
  <time id="45" path="/Proyecto/PSP1/Code" start="@1604975602625" delta="18" comment="Se realizo la busqueda del numero de venta en la base de datos" />
  <time id="46" path="/Proyecto/PSP1/Code" start="@1604980349315" delta="1" comment="Se Generó JTable para colocar la informacion de la venta" />
  <time id="47" path="/Proyecto/PSP1/Compile" start="@1604980421418" delta="7" comment="Se ejecuto y corrio el programa" />
  <time id="48" path="/Proyecto/PSP1/Code" start="@1604987267708" delta="5" comment="Se Reajustaron posiciones visuales en la vistaDC" />
  <time id="49" path="/Proyecto/PSP1/Code" start="@1604987900795" delta="5" comment="Se agregaron los cambios a la rama PSP1 de git local y remoto" />
</timeLogEntries>
