<?xml version="1.0" encoding="UTF-8"?>
<project-private xmlns="http://www.netbeans.org/ns/project-private/1">
    <editor-bookmarks xmlns="http://www.netbeans.org/ns/editor-bookmarks/2" lastBookmarkId="0"/>
    <open-files xmlns="http://www.netbeans.org/ns/projectui-open-files/2">
        <group>
            <file>file:/Users/renemm/Desktop/Aseguramiento/LineClothes/DevolucionesCambios/DevolucionesCambios/src/controlador/Controlador.java</file>
            <file>file:/Users/renemm/Desktop/Aseguramiento/LineClothes/DevolucionesCambios/DevolucionesCambios/src/vista/Devoluciones.java</file>
            <file>file:/Users/renemm/Desktop/Aseguramiento/LineClothes/DevolucionesCambios/DevolucionesCambios/src/controlador/Principal.java</file>
            <file>file:/Users/renemm/Desktop/Aseguramiento/LineClothes/DevolucionesCambios/DevolucionesCambios/src/BDD/Conexion.java</file>
            <file>file:/Users/renemm/Desktop/Aseguramiento/LineClothes/DevolucionesCambios/DevolucionesCambios/src/vista/VistaDC.java</file>
        </group>
    </open-files>
</project-private>
